{"cameraMode":{"drawMode":0,"name":"Shaded","section":"Shading Mode"},"sceneLighting":false,"audioPlay":false,"sceneViewState":{"m_AlwaysRefresh":false,"showFog":true,"showSkybox":false,"showFlares":true,"showImageEffects":true,"showParticleSystems":true,"showVisualEffectGraphs":true,"m_FxEnabled":true},"in2DMode":false,"pivot":{"x":0.012000083923339844,"y":0.21000003814697267,"z":0.5780000686645508},"rotation":{"x":0.003972809296101332,"y":0.7983851432800293,"z":-0.0052674319595098499,"w":0.6021669507026672},"size":12.12435531616211,"orthographic":false}