{"cameraMode":{"drawMode":0,"name":"Shaded","section":"Shading Mode"},"sceneLighting":false,"audioPlay":false,"sceneViewState":{"m_AlwaysRefresh":false,"showFog":true,"showSkybox":false,"showFlares":true,"showImageEffects":true,"showParticleSystems":true,"showVisualEffectGraphs":true,"m_FxEnabled":true},"in2DMode":false,"pivot":{"x":133.35740661621095,"y":20.7220458984375,"z":207.59982299804688},"rotation":{"x":0.003966705873608589,"y":-0.985520601272583,"z":0.16805580258369447,"w":0.023338045924901964},"size":6.057906627655029,"orthographic":false}