{"cameraMode":{"drawMode":0,"name":"Shaded","section":"Shading Mode"},"sceneLighting":false,"audioPlay":false,"sceneViewState":{"m_AlwaysRefresh":false,"showFog":true,"showSkybox":false,"showFlares":true,"showImageEffects":true,"showParticleSystems":true,"showVisualEffectGraphs":true,"m_FxEnabled":true},"in2DMode":false,"pivot":{"x":144.44000244140626,"y":23.799999237060548,"z":210.92999267578126},"rotation":{"x":0.01318266149610281,"y":0.7356508374214172,"z":0.014372904784977436,"w":-0.6771388649940491},"size":0.0140326963737607,"orthographic":false}