{"cameraMode":{"drawMode":0,"name":"Shaded","section":"Shading Mode"},"sceneLighting":false,"audioPlay":false,"sceneViewState":{"m_AlwaysRefresh":false,"showFog":true,"showSkybox":false,"showFlares":true,"showImageEffects":true,"showParticleSystems":true,"showVisualEffectGraphs":true,"m_FxEnabled":true},"in2DMode":false,"pivot":{"x":-0.06504058837890625,"y":1.3844467401504517,"z":-0.15583378076553346},"rotation":{"x":0.17244410514831544,"y":0.03253201022744179,"z":-0.0061716302298009399,"w":0.9846122860908508},"size":2.569740056991577,"orthographic":false}