{"cameraMode":{"drawMode":0,"name":"Shaded","section":"Shading Mode"},"sceneLighting":true,"audioPlay":false,"sceneViewState":{"m_AlwaysRefresh":false,"showFog":true,"showSkybox":false,"showFlares":true,"showImageEffects":true,"showParticleSystems":true,"showVisualEffectGraphs":true,"m_FxEnabled":true},"in2DMode":false,"pivot":{"x":1.1631125211715699,"y":-24.980850219726564,"z":13.503207206726075},"rotation":{"x":0.05805124714970589,"y":0.9222284555435181,"z":-0.34954679012298586,"w":0.15648090839385987},"size":32.94719696044922,"orthographic":false}