{"cameraMode":{"drawMode":0,"name":"Shaded","section":"Shading Mode"},"sceneLighting":true,"audioPlay":false,"sceneViewState":{"m_AlwaysRefresh":false,"showFog":true,"showSkybox":false,"showFlares":true,"showImageEffects":true,"showParticleSystems":true,"showVisualEffectGraphs":true,"m_FxEnabled":true},"in2DMode":false,"pivot":{"x":144.4442138671875,"y":23.796184539794923,"z":210.92910766601563},"rotation":{"x":0.18427877128124238,"y":-0.027462827041745187,"z":0.0053202006965875629,"w":0.9825597405433655},"size":0.03167136758565903,"orthographic":false}