{"cameraMode":{"drawMode":0,"name":"Shaded","section":"Shading Mode"},"sceneLighting":false,"audioPlay":false,"sceneViewState":{"m_AlwaysRefresh":false,"showFog":true,"showSkybox":false,"showFlares":true,"showImageEffects":true,"showParticleSystems":true,"showVisualEffectGraphs":true,"m_FxEnabled":true},"in2DMode":false,"pivot":{"x":1.368643879890442,"y":0.8170343637466431,"z":-1.1239447593688965},"rotation":{"x":0.0004287352494429797,"y":-0.9996776580810547,"z":0.020091351121664048,"w":0.017395250499248506},"size":2.186117649078369,"orthographic":false}