{"cameraMode":{"drawMode":0,"name":"Shaded","section":"Shading Mode"},"sceneLighting":false,"audioPlay":false,"sceneViewState":{"m_AlwaysRefresh":false,"showFog":true,"showSkybox":false,"showFlares":true,"showImageEffects":true,"showParticleSystems":true,"showVisualEffectGraphs":true,"m_FxEnabled":true},"in2DMode":false,"pivot":{"x":0.9205465316772461,"y":57.635719299316409,"z":-5.9707417488098148},"rotation":{"x":-0.0011045584687963129,"y":-0.9609209895133972,"z":0.2771480679512024,"w":-0.003661345923319459},"size":4.364768981933594,"orthographic":false}