{"cameraMode":{"drawMode":0,"name":"Shaded","section":"Shading Mode"},"sceneLighting":true,"audioPlay":false,"sceneViewState":{"m_AlwaysRefresh":false,"showFog":true,"showSkybox":false,"showFlares":true,"showImageEffects":true,"showParticleSystems":true,"showVisualEffectGraphs":true,"m_FxEnabled":true},"in2DMode":false,"pivot":{"x":212.94000244140626,"y":46.540000915527347,"z":-86.08000183105469},"rotation":{"x":-0.03240533918142319,"y":-0.9661369919776917,"z":0.16257324814796449,"w":-0.19900885224342347},"size":5.409302711486816,"orthographic":false}