{"cameraMode":{"drawMode":0,"name":"Shaded","section":"Shading Mode"},"sceneLighting":true,"audioPlay":false,"sceneViewState":{"m_AlwaysRefresh":false,"showFog":true,"showSkybox":false,"showFlares":true,"showImageEffects":true,"showParticleSystems":true,"showVisualEffectGraphs":true,"m_FxEnabled":true},"in2DMode":false,"pivot":{"x":233.93814086914063,"y":37.630001068115237,"z":-219.385986328125},"rotation":{"x":-0.046294260770082477,"y":-0.5333769917488098,"z":0.030028967186808587,"w":-0.8442778587341309},"size":3.585353374481201,"orthographic":false}