{"cameraMode":{"drawMode":0,"name":"Shaded","section":"Shading Mode"},"sceneLighting":false,"audioPlay":false,"sceneViewState":{"m_AlwaysRefresh":false,"showFog":true,"showSkybox":false,"showFlares":true,"showImageEffects":true,"showParticleSystems":true,"showVisualEffectGraphs":true,"m_FxEnabled":true},"in2DMode":false,"pivot":{"x":138.07431030273438,"y":30.899612426757814,"z":220.90579223632813},"rotation":{"x":-0.05777376517653465,"y":-0.9420335292816162,"z":0.2236575037240982,"w":-0.2434564232826233},"size":0.019498523324728013,"orthographic":false}