{"cameraMode":{"drawMode":0,"name":"Shaded","section":"Shading Mode"},"sceneLighting":false,"audioPlay":false,"sceneViewState":{"m_AlwaysRefresh":false,"showFog":true,"showSkybox":false,"showFlares":true,"showImageEffects":true,"showParticleSystems":true,"showVisualEffectGraphs":true,"m_FxEnabled":true},"in2DMode":false,"pivot":{"x":0.058363914489746097,"y":0.014076411724090577,"z":-1.3604905605316163},"rotation":{"x":0.026996083557605745,"y":0.7827969193458557,"z":0.03409852460026741,"w":-0.6208193898200989},"size":2.4426310062408449,"orthographic":false}